{"cameraMode":{"drawMode":0,"name":"Shaded","section":"Shading Mode"},"sceneLighting":true,"audioPlay":false,"sceneViewState":{"showFog":true,"showMaterialUpdate":false,"showSkybox":true,"showFlares":true,"showImageEffects":true,"showParticleSystems":true},"in2DMode":false,"pivot":{"x":1133.6322021484375,"y":206.465087890625,"z":-54.01375198364258},"rotation":{"x":-6.228919602335736e-9,"y":0.020998511463403703,"z":-5.212633169549008e-8,"w":0.9997810125350952},"size":1711.118896484375,"orthographic":true}